[{
    "id": "4zsgoubir1tu9uanhfr"
    , "name": "asd123"
    , "dob": "1991-03-01"
    , "ideas": []
}, {
    "id": "cskaauspzw11hu0afw29"
    , "name": "qwewqewqeqw"
    , "dob": "2017-03-01"
    , "ideas": []
}, {
    "id": "19gyxaaeyauiwub7f1or"
    , "name": "asdaaaaaa"
    , "dob": "1990-03-02"
    , "ideas": []
}, {
    "id": "cjk0rp5b4i8hcebwewmi"
    , "name": "asd"
    , "dob": "2017-03-02"
    , "ideas": []
}, {
    "id": "ltpztkjvsblb9lj9vn29"
    , "name": "asdasd"
    , "dob": "2017-03-15"
    , "ideas": []
}, {
    "id": "tssk3cq7pytxjlvleg66r"
    , "name": "asdsadsad"
    , "dob": "2017-03-23"
    , "ideas": []
}, {
    "id": "twbdd9zajbq9rn97ldi"
    , "name": "asdsadasdasd"
    , "dob": "2016-10-06"
    , "ideas": []
}]